PRAGMA foreign_keys=OFF;
BEGIN TRANSACTION;
CREATE TABLE user (
    id integer,
    age integer not null,
    first_name varchar(255),
    last_name varchar(255),
    weight integer not null,
    primary key (id)
);
INSERT INTO user VALUES(1,28,'Alice','Walker',140);
INSERT INTO user VALUES(2,32,'Brian','Smith',185);
INSERT INTO user VALUES(3,25,'Carla','Johnson',150);
INSERT INTO user VALUES(4,40,'David','Miller',200);
INSERT INTO user VALUES(5,22,'Elena','Davis',125);
INSERT INTO user VALUES(6,29,'Felix','Lopez',170);
INSERT INTO user VALUES(7,35,'Grace','Taylor',160);
INSERT INTO user VALUES(8,27,'Henry','Wilson',175);
INSERT INTO user VALUES(9,31,'Isabella','Martinez',135);
INSERT INTO user VALUES(10,26,'James','Brown',180);
CREATE TABLE activity (
    id integer,
    category varchar(255),
    description varchar(255),
    duration integer not null,
    label varchar(255),
    note varchar(255),
    date_time varchar(255),
    is_completed boolean not null,
    user_id bigint not null,
    primary key (id)
);
INSERT INTO activity VALUES(1,'Health & Wellness','Morning run',45,'Running','Felt good','2026-01-03T07:30:00',0,1);
INSERT INTO activity VALUES(2,'Health & Wellness','Leg day warmup',60,'Barbell Squat',NULL,'2026-01-05T09:00:00',0,1);
INSERT INTO activity VALUES(3,'Home & Life Management','Weekly cleanup',20,'Clean Room',NULL,'2026-01-07T18:00:00',0,1);
INSERT INTO activity VALUES(4,'Home & Life Management','Cooking something simple',40,'Cook Dinner',NULL,'2026-01-09T17:30:00',0,1);
INSERT INTO activity VALUES(5,'Personal Development','Meditation session',15,'Meditation','Very calming','2026-01-10T06:45:00',0,1);
INSERT INTO activity VALUES(6,'Personal Development','Wrote 1 page',10,'Journaling',NULL,'2026-01-11T21:00:00',0,1);
INSERT INTO activity VALUES(7,'Work & Productivity','Cleaned out inbox',30,'Email Cleanup',NULL,'2026-01-13T14:00:00',0,1);
INSERT INTO activity VALUES(8,'Lifestyle','Shopping before work',35,'Grocery Shopping','Forgot milk','2026-02-01T08:00:00',0,1);
INSERT INTO activity VALUES(9,'Hobbies','Painted landscape',50,'Painting','Fun session','2026-02-02T19:00:00',0,1);
INSERT INTO activity VALUES(10,'Social','Called college friend',25,'Call a Friend',NULL,'2026-02-04T20:15:00',0,1);
INSERT INTO activity VALUES(11,'Health & Wellness',NULL,30,'Running',NULL,'2026-02-07T07:00:00',0,1);
INSERT INTO activity VALUES(12,'Health & Wellness',NULL,70,'Barbell Squat',NULL,'2026-02-10T09:30:00',0,1);
INSERT INTO activity VALUES(13,'Home & Life Management',NULL,15,'Clean Room',NULL,'2026-02-12T16:00:00',0,1);
INSERT INTO activity VALUES(14,'Home & Life Management','Trying new recipe',50,'Cook Dinner',NULL,'2026-02-14T18:00:00',0,1);
INSERT INTO activity VALUES(15,'Personal Development',NULL,12,'Meditation',NULL,'2026-02-16T07:15:00',0,1);
INSERT INTO activity VALUES(16,'Personal Development',NULL,8,'Journaling',NULL,'2026-02-17T20:45:00',0,1);
INSERT INTO activity VALUES(17,'Work & Productivity','Organized old threads',40,'Email Cleanup',NULL,'2026-02-19T13:00:00',0,1);
INSERT INTO activity VALUES(18,'Lifestyle',NULL,20,'Grocery Shopping','Quick trip','2026-03-01T09:00:00',0,1);
INSERT INTO activity VALUES(19,'Hobbies','Trying new acrylics',55,'Painting',NULL,'2026-03-03T18:30:00',0,1);
INSERT INTO activity VALUES(20,'Social','Short chat',10,'Call a Friend',NULL,'2026-03-04T19:30:00',0,1);
INSERT INTO activity VALUES(21,'Health & Wellness','Cold morning run',35,'Running',NULL,'2026-03-08T07:00:00',0,1);
INSERT INTO activity VALUES(22,'Health & Wellness',NULL,80,'Barbell Squat',NULL,'2026-03-10T10:00:00',0,1);
INSERT INTO activity VALUES(23,'Home & Life Management',NULL,18,'Clean Room',NULL,'2026-03-12T17:00:00',0,1);
INSERT INTO activity VALUES(24,'Home & Life Management','Meal prep dinner',30,'Cook Dinner',NULL,'2026-03-14T17:30:00',0,1);
INSERT INTO activity VALUES(25,'Personal Development',NULL,15,'Meditation',NULL,'2026-03-16T06:30:00',0,1);
INSERT INTO activity VALUES(26,'Personal Development',NULL,6,'Journaling',NULL,'2026-03-17T21:00:00',0,1);
INSERT INTO activity VALUES(27,'Work & Productivity','Deleted old drafts',25,'Email Cleanup',NULL,'2026-03-18T14:00:00',0,1);
INSERT INTO activity VALUES(28,'Lifestyle',NULL,40,'Grocery Shopping',NULL,'2026-03-20T08:30:00',0,1);
INSERT INTO activity VALUES(29,'Hobbies','Practice blending',60,'Painting',NULL,'2026-03-22T20:00:00',0,1);
INSERT INTO activity VALUES(30,'Social',NULL,18,'Call a Friend',NULL,'2026-03-25T19:00:00',0,1);
INSERT INTO activity VALUES(31,'Health & Wellness','Long swim',55,'Swimming',NULL,'2026-01-04T08:00:00',0,2);
INSERT INTO activity VALUES(32,'Health & Wellness','Road cycling',70,'Cycling',NULL,'2026-01-06T09:00:00',0,2);
INSERT INTO activity VALUES(33,'Home & Life Management','Laundry day',25,'Laundry',NULL,'2026-01-07T17:00:00',0,2);
INSERT INTO activity VALUES(34,'Home & Life Management','Quick dish cleanup',10,'Dishes',NULL,'2026-01-08T20:00:00',0,2);
INSERT INTO activity VALUES(35,'Personal Development','Read 20 pages',30,'Read Book','Interesting chapter','2026-01-09T21:30:00',0,2);
INSERT INTO activity VALUES(36,'Work & Productivity','High-level outline',45,'Project Planning',NULL,'2026-01-10T10:00:00',0,2);
INSERT INTO activity VALUES(37,'Lifestyle','Prepped lunches',40,'Meal Prep',NULL,'2026-01-11T16:00:00',0,2);
INSERT INTO activity VALUES(38,'Hobbies','Chord practice',30,'Guitar Practice',NULL,'2026-01-13T19:00:00',0,2);
INSERT INTO activity VALUES(39,'Social','Met coworker',60,'Meet for Coffee',NULL,'2026-01-15T15:00:00',0,2);
INSERT INTO activity VALUES(40,'Lifestyle','New jacket',35,'Clothes Shopping',NULL,'2026-01-17T14:00:00',0,2);
INSERT INTO activity VALUES(41,'Health & Wellness',NULL,50,'Swimming',NULL,'2026-02-01T07:30:00',0,2);
INSERT INTO activity VALUES(42,'Health & Wellness','Hill ride',80,'Cycling',NULL,'2026-02-03T09:00:00',0,2);
INSERT INTO activity VALUES(43,'Home & Life Management',NULL,20,'Laundry',NULL,'2026-02-04T18:00:00',0,2);
INSERT INTO activity VALUES(44,'Home & Life Management',NULL,12,'Dishes',NULL,'2026-02-05T20:30:00',0,2);
INSERT INTO activity VALUES(45,'Personal Development','Read at night',25,'Read Book',NULL,'2026-02-06T22:00:00',0,2);
INSERT INTO activity VALUES(46,'Work & Productivity','Setup tasks',35,'Project Planning',NULL,'2026-02-08T10:00:00',0,2);
INSERT INTO activity VALUES(47,'Lifestyle','Prepping greens',28,'Meal Prep',NULL,'2026-02-10T12:00:00',0,2);
INSERT INTO activity VALUES(48,'Hobbies',NULL,40,'Guitar Practice',NULL,'2026-02-11T19:30:00',0,2);
INSERT INTO activity VALUES(49,'Social','Short meetup',20,'Meet for Coffee',NULL,'2026-02-13T16:00:00',0,2);
INSERT INTO activity VALUES(50,'Lifestyle',NULL,30,'Clothes Shopping',NULL,'2026-02-14T14:00:00',0,2);
INSERT INTO activity VALUES(51,'Health & Wellness','Afternoon swim',60,'Swimming',NULL,'2026-03-01T13:00:00',0,2);
INSERT INTO activity VALUES(52,'Health & Wellness',NULL,75,'Cycling',NULL,'2026-03-02T09:00:00',0,2);
INSERT INTO activity VALUES(53,'Home & Life Management',NULL,15,'Laundry',NULL,'2026-03-04T18:00:00',0,2);
INSERT INTO activity VALUES(54,'Home & Life Management','Rinsed dishes',8,'Dishes',NULL,'2026-03-05T19:00:00',0,2);
INSERT INTO activity VALUES(55,'Personal Development',NULL,30,'Read Book',NULL,'2026-03-07T20:00:00',0,2);
INSERT INTO activity VALUES(56,'Work & Productivity',NULL,50,'Project Planning',NULL,'2026-03-09T11:00:00',0,2);
INSERT INTO activity VALUES(57,'Lifestyle',NULL,25,'Meal Prep',NULL,'2026-03-10T17:00:00',0,2);
INSERT INTO activity VALUES(58,'Hobbies',NULL,45,'Guitar Practice',NULL,'2026-03-12T18:00:00',0,2);
INSERT INTO activity VALUES(59,'Social',NULL,40,'Meet for Coffee',NULL,'2026-03-14T15:30:00',0,2);
INSERT INTO activity VALUES(60,'Lifestyle',NULL,38,'Clothes Shopping',NULL,'2026-03-15T13:00:00',0,2);
INSERT INTO activity VALUES(61,'Health & Wellness','Morning yoga',30,'Yoga',NULL,'2026-01-03T09:00:00',0,3);
INSERT INTO activity VALUES(62,'Health & Wellness','Scenic walk',40,'Walking',NULL,'2026-01-04T17:00:00',0,3);
INSERT INTO activity VALUES(63,'Home & Life Management','Vacuuming floors',18,'Vacuum House',NULL,'2026-01-06T16:00:00',0,3);
INSERT INTO activity VALUES(64,'Work & Productivity','Sorted downloads',25,'Organize Files',NULL,'2026-01-07T10:00:00',0,3);
INSERT INTO activity VALUES(65,'Personal Development','Study session',60,'Study Course',NULL,'2026-01-08T19:00:00',0,3);
INSERT INTO activity VALUES(66,'Personal Development','Reviewed goals',15,'Goal Review',NULL,'2026-01-09T21:00:00',0,3);
INSERT INTO activity VALUES(67,'Hobbies','Took photos outside',45,'Photography',NULL,'2026-01-10T14:00:00',0,3);
INSERT INTO activity VALUES(68,'Lifestyle','Budget check',20,'Budget Review',NULL,'2026-01-12T18:00:00',0,3);
INSERT INTO activity VALUES(69,'Home & Life Management','Cleaned car interior',30,'Car Cleanup',NULL,'2026-01-13T11:00:00',0,3);
INSERT INTO activity VALUES(70,'Social','Dinner with mom',90,'Dinner with Family',NULL,'2026-01-14T19:00:00',0,3);
INSERT INTO activity VALUES(71,'Health & Wellness',NULL,35,'Yoga',NULL,'2026-02-01T10:00:00',0,3);
INSERT INTO activity VALUES(72,'Health & Wellness',NULL,45,'Walking',NULL,'2026-02-02T16:00:00',0,3);
INSERT INTO activity VALUES(73,'Home & Life Management','Quick vacuum',10,'Vacuum House',NULL,'2026-02-03T17:00:00',0,3);
INSERT INTO activity VALUES(74,'Work & Productivity','File cleanup',30,'Organize Files',NULL,'2026-02-05T11:00:00',0,3);
INSERT INTO activity VALUES(75,'Personal Development','Studied 1 hour',60,'Study Course',NULL,'2026-02-06T20:00:00',0,3);
INSERT INTO activity VALUES(76,'Personal Development',NULL,12,'Goal Review',NULL,'2026-02-08T21:00:00',0,3);
INSERT INTO activity VALUES(77,'Hobbies','Nature photos',50,'Photography',NULL,'2026-02-10T15:00:00',0,3);
INSERT INTO activity VALUES(78,'Lifestyle','Adjusted budget',25,'Budget Review',NULL,'2026-02-11T18:00:00',0,3);
INSERT INTO activity VALUES(79,'Home & Life Management',NULL,22,'Car Cleanup',NULL,'2026-02-12T12:00:00',0,3);
INSERT INTO activity VALUES(80,'Social',NULL,80,'Dinner with Family',NULL,'2026-02-14T19:00:00',0,3);
INSERT INTO activity VALUES(81,'Health & Wellness','Short yoga',20,'Yoga',NULL,'2026-03-01T09:00:00',0,3);
INSERT INTO activity VALUES(82,'Health & Wellness','Walk with friend',55,'Walking',NULL,'2026-03-02T17:00:00',0,3);
INSERT INTO activity VALUES(83,'Home & Life Management',NULL,16,'Vacuum House',NULL,'2026-03-04T16:00:00',0,3);
INSERT INTO activity VALUES(84,'Work & Productivity',NULL,28,'Organize Files',NULL,'2026-03-05T10:00:00',0,3);
INSERT INTO activity VALUES(85,'Personal Development','Late night study',40,'Study Course',NULL,'2026-03-06T22:00:00',0,3);
INSERT INTO activity VALUES(86,'Personal Development',NULL,10,'Goal Review',NULL,'2026-03-07T21:00:00',0,3);
INSERT INTO activity VALUES(87,'Hobbies','Testing camera',35,'Photography',NULL,'2026-03-09T16:30:00',0,3);
INSERT INTO activity VALUES(88,'Lifestyle',NULL,30,'Budget Review',NULL,'2026-03-10T18:30:00',0,3);
INSERT INTO activity VALUES(89,'Home & Life Management',NULL,26,'Car Cleanup',NULL,'2026-03-11T13:00:00',0,3);
INSERT INTO activity VALUES(90,'Social',NULL,75,'Dinner with Family',NULL,'2026-03-13T19:00:00',0,3);
INSERT INTO activity VALUES(91,'Health & Wellness','Daily cardio run',30,'Morning Run','','2026-01-05T07:15:00',0,4);
INSERT INTO activity VALUES(92,'Personal Development','Morning mindfulness session',15,'Meditation','','2026-01-06T06:45:00',0,4);
INSERT INTO activity VALUES(93,'Home & Life Management','Evening clean-up',25,'Clean Room','','2026-01-06T18:20:00',1,4);
INSERT INTO activity VALUES(94,'Home & Life Management','',40,'Cook Dinner','','2026-01-07T19:00:00',0,4);
INSERT INTO activity VALUES(95,'Health & Wellness','Leg day session',50,'Strength Training','','2026-01-08T08:30:00',0,4);
INSERT INTO activity VALUES(96,'Personal Development','',20,'Journaling','Wrote about weekly goals','2026-01-09T20:45:00',0,4);
INSERT INTO activity VALUES(97,'Health & Wellness','',45,'Swimming','','2026-01-10T10:00:00',0,4);
INSERT INTO activity VALUES(98,'Home & Life Management','',60,'Meal Prep','','2026-01-11T14:00:00',1,4);
INSERT INTO activity VALUES(99,'Personal Development','',30,'Reading','','2026-01-12T21:00:00',0,4);
INSERT INTO activity VALUES(100,'Health & Wellness','',35,'Yoga Session','','2026-01-13T07:00:00',0,4);
INSERT INTO activity VALUES(101,'Health & Wellness','Strength program lift',55,'Barbell Squat','','2026-01-14T08:20:00',0,4);
INSERT INTO activity VALUES(102,'Personal Development','',10,'Meditation','','2026-01-15T06:40:00',0,4);
INSERT INTO activity VALUES(103,'Home & Life Management','',20,'Clean Kitchen','','2026-01-15T18:00:00',1,4);
INSERT INTO activity VALUES(104,'Health & Wellness','',25,'Running','','2026-01-16T07:10:00',0,4);
INSERT INTO activity VALUES(105,'Personal Development','',15,'Journaling','','2026-01-17T20:30:00',0,4);
INSERT INTO activity VALUES(106,'Health & Wellness','',50,'Swimming','','2026-01-18T09:50:00',0,4);
INSERT INTO activity VALUES(107,'Home & Life Management','',35,'Cook Dinner','','2026-01-19T18:40:00',1,4);
INSERT INTO activity VALUES(108,'Health & Wellness','',30,'Yoga Session','','2026-01-20T06:55:00',0,4);
INSERT INTO activity VALUES(109,'Personal Development','',45,'Reading','','2026-01-21T20:10:00',0,4);
INSERT INTO activity VALUES(110,'Health & Wellness','Upper body day',60,'Strength Training','','2026-01-22T08:45:00',0,4);
INSERT INTO activity VALUES(111,'Health & Wellness','',20,'Morning Run','','2026-01-23T06:55:00',0,4);
INSERT INTO activity VALUES(112,'Home & Life Management','',30,'Clean Room','','2026-01-23T18:25:00',0,4);
INSERT INTO activity VALUES(113,'Personal Development','',10,'Journaling','','2026-01-24T21:15:00',0,4);
INSERT INTO activity VALUES(114,'Health & Wellness','',40,'Swimming','','2026-01-25T10:30:00',0,4);
INSERT INTO activity VALUES(115,'Health & Wellness','',30,'Yoga Session','','2026-01-26T07:05:00',0,4);
INSERT INTO activity VALUES(116,'Home & Life Management','',50,'Meal Prep','','2026-01-27T14:30:00',1,4);
INSERT INTO activity VALUES(117,'Health & Wellness','',35,'Running','','2026-01-28T07:20:00',0,4);
INSERT INTO activity VALUES(118,'Personal Development','',30,'Reading','','2026-01-29T20:25:00',0,4);
INSERT INTO activity VALUES(119,'Personal Development','',12,'Meditation','','2026-01-30T06:30:00',0,4);
INSERT INTO activity VALUES(120,'Home & Life Management','',45,'Cook Dinner','','2026-01-30T19:05:00',0,4);
INSERT INTO activity VALUES(121,'Health & Wellness','',40,'Pilates Session','','2026-02-01T07:15:00',0,5);
INSERT INTO activity VALUES(122,'Personal Development','',25,'Language Learning','','2026-02-01T18:40:00',0,5);
INSERT INTO activity VALUES(123,'Home & Life Management','',35,'Organize Closet','','2026-02-02T19:10:00',1,5);
INSERT INTO activity VALUES(124,'Lifestyle','',10,'Coffee Break','','2026-02-02T15:20:00',0,5);
INSERT INTO activity VALUES(125,'Health & Wellness','',30,'Treadmill Jog','','2026-02-03T08:00:00',0,5);
INSERT INTO activity VALUES(126,'Work & Productivity','',20,'Weekly Summary','','2026-02-03T17:05:00',0,5);
INSERT INTO activity VALUES(127,'Hobbies','',45,'Knitting','','2026-02-04T20:30:00',0,5);
INSERT INTO activity VALUES(128,'Home & Life Management','',15,'Pay Bills','','2026-02-04T12:00:00',1,5);
INSERT INTO activity VALUES(129,'Personal Development','',30,'Read Non-Fiction','','2026-02-04T21:15:00',0,5);
INSERT INTO activity VALUES(130,'Health & Wellness','',50,'Pilates Session','','2026-02-05T07:30:00',0,5);
INSERT INTO activity VALUES(131,'Personal Development','',20,'Language Learning','','2026-02-05T18:00:00',0,5);
INSERT INTO activity VALUES(132,'Home & Life Management','',40,'Organize Closet','','2026-02-06T19:50:00',0,5);
INSERT INTO activity VALUES(133,'Lifestyle','New café today',12,'Coffee Break','','2026-02-06T14:10:00',0,5);
INSERT INTO activity VALUES(134,'Hobbies','',60,'Knitting','','2026-02-06T20:40:00',0,5);
INSERT INTO activity VALUES(135,'Health & Wellness','',35,'Treadmill Jog','','2026-02-07T07:50:00',0,5);
INSERT INTO activity VALUES(136,'Social','',30,'Chat with Friend','','2026-02-07T16:20:00',0,5);
INSERT INTO activity VALUES(137,'Work & Productivity','',25,'Weekly Summary','','2026-02-08T17:10:00',0,5);
INSERT INTO activity VALUES(138,'Home & Life Management','',15,'Pay Bills','','2026-02-08T13:05:00',1,5);
INSERT INTO activity VALUES(139,'Personal Development','',40,'Read Non-Fiction','','2026-02-09T21:30:00',0,5);
INSERT INTO activity VALUES(140,'Health & Wellness','',30,'Pilates Session','','2026-02-10T07:45:00',0,5);
INSERT INTO activity VALUES(141,'Personal Development','',30,'Language Learning','','2026-02-10T18:35:00',0,5);
INSERT INTO activity VALUES(142,'Hobbies','',50,'Knitting','','2026-02-10T20:50:00',0,5);
INSERT INTO activity VALUES(143,'Home & Life Management','',25,'Organize Closet','','2026-02-11T19:25:00',0,5);
INSERT INTO activity VALUES(144,'Lifestyle','',10,'Coffee Break','','2026-02-11T14:30:00',0,5);
INSERT INTO activity VALUES(145,'Social','',35,'Chat with Friend','','2026-02-11T16:10:00',0,5);
INSERT INTO activity VALUES(146,'Health & Wellness','',30,'Treadmill Jog','','2026-02-12T08:05:00',0,5);
INSERT INTO activity VALUES(147,'Work & Productivity','',30,'Weekly Summary','','2026-02-12T17:00:00',0,5);
INSERT INTO activity VALUES(148,'Personal Development','',25,'Read Non-Fiction','','2026-02-12T21:00:00',0,5);
INSERT INTO activity VALUES(149,'Health & Wellness','',45,'Pilates Session','','2026-02-13T07:20:00',0,5);
INSERT INTO activity VALUES(150,'Home & Life Management','',15,'Pay Bills','','2026-02-13T12:15:00',1,5);
INSERT INTO activity VALUES(151,'Health & Wellness','',45,'Boxing Workout','','2026-03-01T07:10:00',0,6);
INSERT INTO activity VALUES(152,'Lifestyle','',25,'Car Wash','','2026-03-01T13:40:00',0,6);
INSERT INTO activity VALUES(153,'Home & Life Management','',35,'Clean Kitchen','','2026-03-01T18:20:00',1,6);
INSERT INTO activity VALUES(154,'Personal Development','',50,'Online Course','','2026-03-02T20:15:00',0,6);
INSERT INTO activity VALUES(155,'Work & Productivity','',40,'Code Review','','2026-03-02T10:30:00',0,6);
INSERT INTO activity VALUES(156,'Hobbies','',55,'Video Editing','','2026-03-03T21:00:00',0,6);
INSERT INTO activity VALUES(157,'Social','',120,'Game Night','','2026-03-03T19:30:00',0,6);
INSERT INTO activity VALUES(158,'Lifestyle','',60,'Shopping Trip','','2026-03-04T16:20:00',0,6);
INSERT INTO activity VALUES(159,'Health & Wellness','',20,'Stretch Routine','','2026-03-04T06:45:00',0,6);
INSERT INTO activity VALUES(160,'Personal Development','',30,'Planning Session','','2026-03-04T08:10:00',0,6);
INSERT INTO activity VALUES(161,'Health & Wellness','',50,'Boxing Workout','','2026-03-05T07:00:00',0,6);
INSERT INTO activity VALUES(162,'Home & Life Management','',30,'Clean Kitchen','','2026-03-05T18:40:00',0,6);
INSERT INTO activity VALUES(163,'Personal Development','New module today',60,'Online Course','','2026-03-05T20:00:00',0,6);
INSERT INTO activity VALUES(164,'Lifestyle','',45,'Shopping Trip','','2026-03-06T14:30:00',0,6);
INSERT INTO activity VALUES(165,'Hobbies','',70,'Video Editing','','2026-03-06T21:30:00',0,6);
INSERT INTO activity VALUES(166,'Work & Productivity','',35,'Code Review','','2026-03-07T09:25:00',0,6);
INSERT INTO activity VALUES(167,'Health & Wellness','',15,'Stretch Routine','','2026-03-07T06:30:00',0,6);
INSERT INTO activity VALUES(168,'Lifestyle','',20,'Car Wash','','2026-03-07T12:15:00',0,6);
INSERT INTO activity VALUES(169,'Personal Development','',40,'Planning Session','','2026-03-07T08:50:00',0,6);
INSERT INTO activity VALUES(170,'Social','',150,'Game Night','','2026-03-08T19:20:00',0,6);
INSERT INTO activity VALUES(171,'Health & Wellness','',40,'Boxing Workout','','2026-03-09T07:20:00',0,6);
INSERT INTO activity VALUES(172,'Home & Life Management','',45,'Clean Kitchen','','2026-03-09T18:00:00',0,6);
INSERT INTO activity VALUES(173,'Personal Development','',45,'Online Course','','2026-03-09T20:30:00',0,6);
INSERT INTO activity VALUES(174,'Hobbies','',55,'Video Editing','','2026-03-10T21:10:00',0,6);
INSERT INTO activity VALUES(175,'Lifestyle','',30,'Shopping Trip','','2026-03-10T15:10:00',0,6);
INSERT INTO activity VALUES(176,'Personal Development','',25,'Planning Session','','2026-03-10T08:20:00',0,6);
INSERT INTO activity VALUES(177,'Health & Wellness','',20,'Stretch Routine','','2026-03-11T06:40:00',0,6);
INSERT INTO activity VALUES(178,'Lifestyle','',25,'Car Wash','','2026-03-11T10:55:00',0,6);
INSERT INTO activity VALUES(179,'Social','',120,'Game Night','','2026-03-11T19:40:00',0,6);
INSERT INTO activity VALUES(180,'Work & Productivity','',30,'Code Review','','2026-03-12T09:00:00',0,6);
INSERT INTO activity VALUES(181,'Health & Wellness','',40,'Rowing','','2026-04-01T07:15:00',0,7);
INSERT INTO activity VALUES(182,'Home & Life Management','',50,'Deep Cleaning','','2026-04-01T17:30:00',1,7);
INSERT INTO activity VALUES(183,'Lifestyle','',25,'Journal Session','','2026-04-01T20:10:00',0,7);
INSERT INTO activity VALUES(184,'Hobbies','',35,'Sewing','','2026-04-02T19:45:00',0,7);
INSERT INTO activity VALUES(185,'Social','',60,'Lunch with Friend','','2026-04-02T12:30:00',0,7);
INSERT INTO activity VALUES(186,'Personal Development','',45,'Skill Training','','2026-04-03T08:10:00',0,7);
INSERT INTO activity VALUES(187,'Work & Productivity','',30,'Meeting Prep','','2026-04-03T09:20:00',0,7);
INSERT INTO activity VALUES(188,'Lifestyle','',40,'Declutter Room','','2026-04-04T15:00:00',0,7);
INSERT INTO activity VALUES(189,'Hobbies','',55,'3D Printing','','2026-04-04T18:50:00',0,7);
INSERT INTO activity VALUES(190,'Social','',120,'Attend Event','','2026-04-04T20:00:00',0,7);
INSERT INTO activity VALUES(191,'Health & Wellness','',50,'Rowing','','2026-04-05T07:30:00',0,7);
INSERT INTO activity VALUES(192,'Home & Life Management','',45,'Deep Cleaning','','2026-04-05T16:40:00',1,7);
INSERT INTO activity VALUES(193,'Lifestyle','',20,'Journal Session','','2026-04-05T20:20:00',0,7);
INSERT INTO activity VALUES(194,'Hobbies','',40,'Sewing','','2026-04-06T19:00:00',0,7);
INSERT INTO activity VALUES(195,'Social','',90,'Lunch with Friend','','2026-04-06T12:00:00',0,7);
INSERT INTO activity VALUES(196,'Personal Development','',35,'Skill Training','','2026-04-07T08:00:00',0,7);
INSERT INTO activity VALUES(197,'Work & Productivity','',25,'Meeting Prep','','2026-04-07T09:10:00',0,7);
INSERT INTO activity VALUES(198,'Lifestyle','',30,'Declutter Room','','2026-04-08T15:15:00',0,7);
INSERT INTO activity VALUES(199,'Hobbies','',50,'3D Printing','','2026-04-08T18:30:00',0,7);
INSERT INTO activity VALUES(200,'Social','',100,'Attend Event','','2026-04-08T20:10:00',0,7);
INSERT INTO activity VALUES(201,'Health & Wellness','',45,'Rowing','','2026-04-09T07:05:00',0,7);
INSERT INTO activity VALUES(202,'Home & Life Management','',55,'Deep Cleaning','','2026-04-09T17:20:00',1,7);
INSERT INTO activity VALUES(203,'Lifestyle','',30,'Journal Session','','2026-04-09T20:30:00',0,7);
INSERT INTO activity VALUES(204,'Hobbies','',40,'Sewing','','2026-04-10T19:10:00',0,7);
INSERT INTO activity VALUES(205,'Social','',80,'Lunch with Friend','','2026-04-10T12:20:00',0,7);
INSERT INTO activity VALUES(206,'Personal Development','',50,'Skill Training','','2026-04-11T08:30:00',0,7);
INSERT INTO activity VALUES(207,'Work & Productivity','',35,'Meeting Prep','','2026-04-11T09:15:00',0,7);
INSERT INTO activity VALUES(208,'Lifestyle','',45,'Declutter Room','','2026-04-12T15:25:00',0,7);
INSERT INTO activity VALUES(209,'Hobbies','',60,'3D Printing','','2026-04-12T18:40:00',0,7);
INSERT INTO activity VALUES(210,'Social','',120,'Attend Event','','2026-04-12T20:30:00',0,7);
INSERT INTO activity VALUES(211,'Health & Wellness','',90,'Hiking','','2026-05-01T08:00:00',0,8);
INSERT INTO activity VALUES(212,'Health & Wellness','',20,'Pushups','','2026-05-01T07:15:00',0,8);
INSERT INTO activity VALUES(213,'Home & Life Management','',25,'Trash Out','','2026-05-01T18:00:00',1,8);
INSERT INTO activity VALUES(214,'Work & Productivity','',40,'Inbox Zero','','2026-05-01T10:30:00',0,8);
INSERT INTO activity VALUES(215,'Lifestyle','',10,'Tea Break','','2026-05-02T15:10:00',0,8);
INSERT INTO activity VALUES(216,'Hobbies','',50,'Cooking Practice','','2026-05-02T19:00:00',0,8);
INSERT INTO activity VALUES(217,'Personal Development','',15,'Mindfulness','','2026-05-03T06:45:00',0,8);
INSERT INTO activity VALUES(218,'Social','',30,'Call Parents','','2026-05-03T20:00:00',0,8);
INSERT INTO activity VALUES(219,'Lifestyle','',25,'Organize Desk','','2026-05-04T14:30:00',0,8);
INSERT INTO activity VALUES(220,'Hobbies','',45,'Drawing','','2026-05-04T21:15:00',0,8);
INSERT INTO activity VALUES(221,'Health & Wellness','',80,'Hiking','','2026-05-05T08:20:00',0,8);
INSERT INTO activity VALUES(222,'Health & Wellness','',25,'Pushups','','2026-05-05T07:30:00',0,8);
INSERT INTO activity VALUES(223,'Home & Life Management','',30,'Trash Out','','2026-05-05T18:10:00',1,8);
INSERT INTO activity VALUES(224,'Work & Productivity','',35,'Inbox Zero','','2026-05-06T10:00:00',0,8);
INSERT INTO activity VALUES(225,'Lifestyle','',15,'Tea Break','','2026-05-06T15:20:00',0,8);
INSERT INTO activity VALUES(226,'Hobbies','',60,'Cooking Practice','','2026-05-06T19:30:00',0,8);
INSERT INTO activity VALUES(227,'Personal Development','',20,'Mindfulness','','2026-05-07T06:50:00',0,8);
INSERT INTO activity VALUES(228,'Social','',40,'Call Parents','','2026-05-07T20:10:00',0,8);
INSERT INTO activity VALUES(229,'Lifestyle','',30,'Organize Desk','','2026-05-08T14:40:00',0,8);
INSERT INTO activity VALUES(230,'Hobbies','',50,'Drawing','','2026-05-08T21:20:00',0,8);
INSERT INTO activity VALUES(231,'Health & Wellness','',95,'Hiking','','2026-05-09T08:15:00',0,8);
INSERT INTO activity VALUES(232,'Health & Wellness','',20,'Pushups','','2026-05-09T07:10:00',0,8);
INSERT INTO activity VALUES(233,'Home & Life Management','',35,'Trash Out','','2026-05-09T18:25:00',1,8);
INSERT INTO activity VALUES(234,'Work & Productivity','',40,'Inbox Zero','','2026-05-10T10:15:00',0,8);
INSERT INTO activity VALUES(235,'Lifestyle','',10,'Tea Break','','2026-05-10T15:05:00',0,8);
INSERT INTO activity VALUES(236,'Hobbies','',45,'Cooking Practice','','2026-05-10T19:10:00',0,8);
INSERT INTO activity VALUES(237,'Personal Development','',25,'Mindfulness','','2026-05-11T06:55:00',0,8);
INSERT INTO activity VALUES(238,'Social','',35,'Call Parents','','2026-05-11T20:25:00',0,8);
INSERT INTO activity VALUES(239,'Lifestyle','',20,'Organize Desk','','2026-05-12T14:15:00',0,8);
INSERT INTO activity VALUES(240,'Hobbies','',60,'Drawing','','2026-05-12T21:40:00',0,8);
INSERT INTO activity VALUES(241,'Health & Wellness','',30,'Running Intervals','','2026-06-01T07:10:00',0,9);
INSERT INTO activity VALUES(242,'Personal Development','',45,'Study Notes','','2026-06-01T20:15:00',0,9);
INSERT INTO activity VALUES(243,'Home & Life Management','',35,'Bathroom Clean','','2026-06-01T18:40:00',1,9);
INSERT INTO activity VALUES(244,'Work & Productivity','',40,'Sprint Planning','','2026-06-02T09:30:00',0,9);
INSERT INTO activity VALUES(245,'Lifestyle','',25,'Coffee Shop Visit','','2026-06-02T15:00:00',0,9);
INSERT INTO activity VALUES(246,'Hobbies','',50,'Piano Practice','','2026-06-02T18:50:00',0,9);
INSERT INTO activity VALUES(247,'Hobbies','',60,'Podcast Recording','','2026-06-03T20:30:00',0,9);
INSERT INTO activity VALUES(248,'Social','',45,'Meet Friend','','2026-06-03T17:00:00',0,9);
INSERT INTO activity VALUES(249,'Home & Life Management','',30,'Change Bedding','','2026-06-04T19:10:00',1,9);
INSERT INTO activity VALUES(250,'Personal Development','',20,'Goal Writing','','2026-06-04T21:20:00',0,9);
INSERT INTO activity VALUES(251,'Health & Wellness','',35,'Running Intervals','','2026-06-05T07:25:00',0,9);
INSERT INTO activity VALUES(252,'Personal Development','',40,'Study Notes','','2026-06-05T20:10:00',0,9);
INSERT INTO activity VALUES(253,'Home & Life Management','',30,'Bathroom Clean','','2026-06-05T18:55:00',1,9);
INSERT INTO activity VALUES(254,'Work & Productivity','',35,'Sprint Planning','','2026-06-06T09:20:00',0,9);
INSERT INTO activity VALUES(255,'Lifestyle','',20,'Coffee Shop Visit','','2026-06-06T14:50:00',0,9);
INSERT INTO activity VALUES(256,'Hobbies','',55,'Piano Practice','','2026-06-06T18:40:00',0,9);
INSERT INTO activity VALUES(257,'Hobbies','',70,'Podcast Recording','','2026-06-07T20:00:00',0,9);
INSERT INTO activity VALUES(258,'Social','',50,'Meet Friend','','2026-06-07T17:20:00',0,9);
INSERT INTO activity VALUES(259,'Home & Life Management','',25,'Change Bedding','','2026-06-08T19:30:00',1,9);
INSERT INTO activity VALUES(260,'Personal Development','',30,'Goal Writing','','2026-06-08T21:10:00',0,9);
INSERT INTO activity VALUES(261,'Health & Wellness','',40,'Running Intervals','','2026-06-09T07:15:00',0,9);
INSERT INTO activity VALUES(262,'Personal Development','',35,'Study Notes','','2026-06-09T20:20:00',0,9);
INSERT INTO activity VALUES(263,'Home & Life Management','',30,'Bathroom Clean','','2026-06-09T18:35:00',1,9);
INSERT INTO activity VALUES(264,'Work & Productivity','',40,'Sprint Planning','','2026-06-10T09:10:00',0,9);
INSERT INTO activity VALUES(265,'Lifestyle','',25,'Coffee Shop Visit','','2026-06-10T15:10:00',0,9);
INSERT INTO activity VALUES(266,'Hobbies','',50,'Piano Practice','','2026-06-10T18:50:00',0,9);
INSERT INTO activity VALUES(267,'Hobbies','',60,'Podcast Recording','','2026-06-11T20:20:00',0,9);
INSERT INTO activity VALUES(268,'Social','',45,'Meet Friend','','2026-06-11T17:05:00',0,9);
INSERT INTO activity VALUES(269,'Home & Life Management','',30,'Change Bedding','','2026-06-12T19:15:00',1,9);
INSERT INTO activity VALUES(270,'Personal Development','',20,'Goal Writing','','2026-06-12T21:25:00',0,9);
INSERT INTO activity VALUES(271,'Health & Wellness','',45,'Elliptical Workout','','2026-07-01T07:10:00',0,10);
INSERT INTO activity VALUES(272,'Home & Life Management','',30,'Grocery Run','','2026-07-01T15:00:00',1,10);
INSERT INTO activity VALUES(273,'Lifestyle','',25,'Plan Week','','2026-07-01T20:15:00',0,10);
INSERT INTO activity VALUES(274,'Personal Development','',60,'Write Essay','','2026-07-02T19:40:00',0,10);
INSERT INTO activity VALUES(275,'Hobbies','',90,'Woodworking','','2026-07-02T14:30:00',0,10);
INSERT INTO activity VALUES(276,'Work & Productivity','',45,'Debug Session','','2026-07-03T09:20:00',0,10);
INSERT INTO activity VALUES(277,'Lifestyle','',30,'Dog Walk','','2026-07-03T07:50:00',0,10);
INSERT INTO activity VALUES(278,'Home & Life Management','',35,'Clean Bathroom','','2026-07-03T18:40:00',1,10);
INSERT INTO activity VALUES(279,'Social','',60,'Visit Friend','','2026-07-04T17:00:00',0,10);
INSERT INTO activity VALUES(280,'Hobbies','',40,'Chess Practice','','2026-07-04T20:30:00',0,10);
INSERT INTO activity VALUES(281,'Health & Wellness','',50,'Elliptical Workout','','2026-07-05T07:20:00',0,10);
INSERT INTO activity VALUES(282,'Home & Life Management','',25,'Grocery Run','','2026-07-05T15:10:00',1,10);
INSERT INTO activity VALUES(283,'Lifestyle','',30,'Plan Week','','2026-07-05T20:10:00',0,10);
INSERT INTO activity VALUES(284,'Personal Development','',55,'Write Essay','','2026-07-06T19:50:00',0,10);
INSERT INTO activity VALUES(285,'Hobbies','',80,'Woodworking','','2026-07-06T14:40:00',0,10);
INSERT INTO activity VALUES(286,'Work & Productivity','',40,'Debug Session','','2026-07-07T09:10:00',0,10);
INSERT INTO activity VALUES(287,'Lifestyle','',35,'Dog Walk','','2026-07-07T08:00:00',0,10);
INSERT INTO activity VALUES(288,'Home & Life Management','',30,'Clean Bathroom','','2026-07-07T18:50:00',1,10);
INSERT INTO activity VALUES(289,'Social','',50,'Visit Friend','','2026-07-08T17:20:00',0,10);
INSERT INTO activity VALUES(290,'Hobbies','',45,'Chess Practice','','2026-07-08T20:40:00',0,10);
INSERT INTO activity VALUES(291,'Health & Wellness','',45,'Elliptical Workout','','2026-07-09T07:05:00',0,10);
INSERT INTO activity VALUES(292,'Home & Life Management','',35,'Grocery Run','','2026-07-09T15:20:00',1,10);
INSERT INTO activity VALUES(293,'Lifestyle','',30,'Plan Week','','2026-07-09T20:25:00',0,10);
INSERT INTO activity VALUES(294,'Personal Development','',60,'Write Essay','','2026-07-10T19:55:00',0,10);
INSERT INTO activity VALUES(295,'Hobbies','',90,'Woodworking','','2026-07-10T14:50:00',0,10);
INSERT INTO activity VALUES(296,'Work & Productivity','',45,'Debug Session','','2026-07-11T09:00:00',0,10);
INSERT INTO activity VALUES(297,'Lifestyle','',25,'Dog Walk','','2026-07-11T08:15:00',0,10);
INSERT INTO activity VALUES(298,'Home & Life Management','',40,'Clean Bathroom','','2026-07-11T18:30:00',1,10);
INSERT INTO activity VALUES(299,'Social','',60,'Visit Friend','','2026-07-12T17:10:00',0,10);
INSERT INTO activity VALUES(300,'Hobbies','',50,'Chess Practice','','2026-07-12T20:50:00',0,10);
CREATE TABLE template (
    id integer,
    category varchar(255),
    label varchar(255),
    user_id bigint not null,
    primary key (id)
);
INSERT INTO template VALUES(1,'Health & Wellness','Running',1);
INSERT INTO template VALUES(2,'Health & Wellness','Barbell Squat',1);
INSERT INTO template VALUES(3,'Home & Life Management','Clean Room',1);
INSERT INTO template VALUES(4,'Home & Life Management','Cook Dinner',1);
INSERT INTO template VALUES(5,'Personal Development','Meditation',1);
INSERT INTO template VALUES(6,'Personal Development','Journaling',1);
INSERT INTO template VALUES(7,'Work & Productivity','Email Cleanup',1);
INSERT INTO template VALUES(8,'Lifestyle','Grocery Shopping',1);
INSERT INTO template VALUES(9,'Hobbies','Painting',1);
INSERT INTO template VALUES(10,'Social','Call a Friend',1);
INSERT INTO template VALUES(11,'Health & Wellness','Swimming',2);
INSERT INTO template VALUES(12,'Health & Wellness','Cycling',2);
INSERT INTO template VALUES(13,'Home & Life Management','Laundry',2);
INSERT INTO template VALUES(14,'Home & Life Management','Dishes',2);
INSERT INTO template VALUES(15,'Personal Development','Read Book',2);
INSERT INTO template VALUES(16,'Work & Productivity','Project Planning',2);
INSERT INTO template VALUES(17,'Lifestyle','Meal Prep',2);
INSERT INTO template VALUES(18,'Hobbies','Guitar Practice',2);
INSERT INTO template VALUES(19,'Social','Meet for Coffee',2);
INSERT INTO template VALUES(20,'Lifestyle','Clothes Shopping',2);
INSERT INTO template VALUES(21,'Health & Wellness','Yoga',3);
INSERT INTO template VALUES(22,'Health & Wellness','Walking',3);
INSERT INTO template VALUES(23,'Home & Life Management','Vacuum House',3);
INSERT INTO template VALUES(24,'Work & Productivity','Organize Files',3);
INSERT INTO template VALUES(25,'Personal Development','Study Course',3);
INSERT INTO template VALUES(26,'Personal Development','Goal Review',3);
INSERT INTO template VALUES(27,'Hobbies','Photography',3);
INSERT INTO template VALUES(28,'Lifestyle','Budget Review',3);
INSERT INTO template VALUES(29,'Home & Life Management','Car Cleanup',3);
INSERT INTO template VALUES(30,'Social','Dinner with Family',3);
INSERT INTO template VALUES(31,'Health & Wellness','Stretching',4);
INSERT INTO template VALUES(32,'Health & Wellness','Weight Lifting',4);
INSERT INTO template VALUES(33,'Lifestyle','Walk Dog',4);
INSERT INTO template VALUES(34,'Home & Life Management','Yard Work',4);
INSERT INTO template VALUES(35,'Personal Development','Skill Practice',4);
INSERT INTO template VALUES(36,'Work & Productivity','Task Review',4);
INSERT INTO template VALUES(37,'Hobbies','Gardening',4);
INSERT INTO template VALUES(38,'Lifestyle','Errands',4);
INSERT INTO template VALUES(39,'Social','Visit Parents',4);
INSERT INTO template VALUES(40,'Personal Development','Time Blocking',4);
INSERT INTO template VALUES(41,'Health & Wellness','Pilates',5);
INSERT INTO template VALUES(42,'Health & Wellness','Treadmill Jog',5);
INSERT INTO template VALUES(43,'Personal Development','Language Learning',5);
INSERT INTO template VALUES(44,'Home & Life Management','Organize Closet',5);
INSERT INTO template VALUES(45,'Lifestyle','Coffee Break',5);
INSERT INTO template VALUES(46,'Hobbies','Knitting',5);
INSERT INTO template VALUES(47,'Social','Chat with Friend',5);
INSERT INTO template VALUES(48,'Work & Productivity','Weekly Summary',5);
INSERT INTO template VALUES(49,'Home & Life Management','Pay Bills',5);
INSERT INTO template VALUES(50,'Personal Development','Read Non-Fiction',5);
INSERT INTO template VALUES(51,'Health & Wellness','Boxing Workout',6);
INSERT INTO template VALUES(52,'Lifestyle','Car Wash',6);
INSERT INTO template VALUES(53,'Home & Life Management','Clean Kitchen',6);
INSERT INTO template VALUES(54,'Personal Development','Online Course',6);
INSERT INTO template VALUES(55,'Work & Productivity','Code Review',6);
INSERT INTO template VALUES(56,'Hobbies','Video Editing',6);
INSERT INTO template VALUES(57,'Social','Game Night',6);
INSERT INTO template VALUES(58,'Lifestyle','Shopping Trip',6);
INSERT INTO template VALUES(59,'Health & Wellness','Stretch Routine',6);
INSERT INTO template VALUES(60,'Personal Development','Planning Session',6);
INSERT INTO template VALUES(61,'Health & Wellness','Rowing',7);
INSERT INTO template VALUES(62,'Home & Life Management','Deep Cleaning',7);
INSERT INTO template VALUES(63,'Lifestyle','Journal Session',7);
INSERT INTO template VALUES(64,'Hobbies','Sewing',7);
INSERT INTO template VALUES(65,'Social','Lunch with Friend',7);
INSERT INTO template VALUES(66,'Personal Development','Skill Training',7);
INSERT INTO template VALUES(67,'Work & Productivity','Meeting Prep',7);
INSERT INTO template VALUES(68,'Lifestyle','Declutter Room',7);
INSERT INTO template VALUES(69,'Hobbies','3D Printing',7);
INSERT INTO template VALUES(70,'Social','Attend Event',7);
INSERT INTO template VALUES(71,'Health & Wellness','Hiking',8);
INSERT INTO template VALUES(72,'Health & Wellness','Pushups',8);
INSERT INTO template VALUES(73,'Home & Life Management','Trash Out',8);
INSERT INTO template VALUES(74,'Work & Productivity','Inbox Zero',8);
INSERT INTO template VALUES(75,'Lifestyle','Tea Break',8);
INSERT INTO template VALUES(76,'Hobbies','Cooking Practice',8);
INSERT INTO template VALUES(77,'Personal Development','Mindfulness',8);
INSERT INTO template VALUES(78,'Social','Call Parents',8);
INSERT INTO template VALUES(79,'Lifestyle','Organize Desk',8);
INSERT INTO template VALUES(80,'Hobbies','Drawing',8);
INSERT INTO template VALUES(81,'Health & Wellness','Running Intervals',9);
INSERT INTO template VALUES(82,'Personal Development','Study Notes',9);
INSERT INTO template VALUES(83,'Home & Life Management','Bathroom Clean',9);
INSERT INTO template VALUES(84,'Work & Productivity','Sprint Planning',9);
INSERT INTO template VALUES(85,'Lifestyle','Coffee Shop Visit',9);
INSERT INTO template VALUES(86,'Hobbies','Piano Practice',9);
INSERT INTO template VALUES(87,'Hobbies','Podcast Recording',9);
INSERT INTO template VALUES(88,'Social','Meet Friend',9);
INSERT INTO template VALUES(89,'Home & Life Management','Change Bedding',9);
INSERT INTO template VALUES(90,'Personal Development','Goal Writing',9);
INSERT INTO template VALUES(91,'Health & Wellness','Elliptical Workout',10);
INSERT INTO template VALUES(92,'Home & Life Management','Grocery Run',10);
INSERT INTO template VALUES(93,'Lifestyle','Plan Week',10);
INSERT INTO template VALUES(94,'Personal Development','Write Essay',10);
INSERT INTO template VALUES(95,'Hobbies','Woodworking',10);
INSERT INTO template VALUES(96,'Work & Productivity','Debug Session',10);
INSERT INTO template VALUES(97,'Lifestyle','Dog Walk',10);
INSERT INTO template VALUES(98,'Home & Life Management','Clean Bathroom',10);
INSERT INTO template VALUES(99,'Social','Visit Friend',10);
INSERT INTO template VALUES(100,'Hobbies','Chess Practice',10);
COMMIT;
